Board Url,Board Name,Pins,Followers,Groupb Board Members,Board Description
https://ru.pinterest.com/nasti/cat/,CAT,116,885844,1,Meow. #cat #kitten #kitty #meow
https://ru.pinterest.com/lisacongdon/cats/,Cats!!!,93,14392,1,None
https://ru.pinterest.com/pinnerbr/cats-%2B%2B/,Cats ++,6786,467106,1,None
https://ru.pinterest.com/yumikohiguchi/cats/,cats,94,125858,1,None
https://ru.pinterest.com/paola_gambetti/cats/,Cats,3983,119339,1,None
https://ru.pinterest.com/bluehiligter/cats/,Cats,805,541103,1,I <3 Cats
https://ru.pinterest.com/wonderkermit/cats/,Cats,1048,472462,1,None
https://ru.pinterest.com/SuzH85/cats/,Cats,584,4474,1,None
https://ru.pinterest.com/sixtysomethingg/cats/,Cats,2083,125754,1,None
https://ru.pinterest.com/tutuferreira3/cats/,cats,600,260806,1,None
https://ru.pinterest.com/DogVills/cats/,CATs,621,16448,1,"Everything about cats, kittens! Get inspired by our Cat finds!"
https://ru.pinterest.com/applering/cats/,CATS,233,156684,1,CATS
https://ru.pinterest.com/kaifineart/cat/,Cat,789,30333,1,None
https://ru.pinterest.com/laineyok/cats/,cats,4817,205224,1,None
https://ru.pinterest.com/sapperlott/cats/,Cats,5609,142233,1,None
https://ru.pinterest.com/pribomilcar/cats/,Cats,1439,226059,1,None
https://ru.pinterest.com/dmott70/cats/,Cats,471,1044,1,None
https://ru.pinterest.com/LebenTina/cats/,Cats,3567,197757,1,The secret rulers of the universe
https://ru.pinterest.com/loldamn/cats/,Cats,1954,31417,3,"funny cats, funny cat memes, cute kitten.~loldamn.com~"
https://ru.pinterest.com/teenwitches/cats/,cats,2477,5214,1,kitties
https://ru.pinterest.com/liten/cats/,Cats,450,36951,1,None
https://ru.pinterest.com/warda278/cats/,Cats,11202,234391,1,None
https://ru.pinterest.com/HannahEBrett89/cats/,Cats,3316,2337,1,None
https://ru.pinterest.com/alaridesign/cats/,cats,3665,33910,193,All about those gods and goddesses and rulers of the house and our heart... the house cat!
https://ru.pinterest.com/barbr7/cats/,Cats,300,1340,1,None
https://ru.pinterest.com/catsandkittys/cats/,Cats,4502,15523,1,"General pictures of cats. Beautiful cats, funny cats, happy cats and silly cats."
https://ru.pinterest.com/katesheps/cat/,Cat,844,80308,1,None
https://ru.pinterest.com/wtvmaddy/cats/,cats,165,7583,1,//
https://ru.pinterest.com/Martinazen/cats/,Cats,143,100197,1,None
https://ru.pinterest.com/natalieeee/cats/,cats,295,4909,1,None
https://ru.pinterest.com/11je12je/cats/,cats,402,115186,1,None
https://ru.pinterest.com/jcphoto/cats/,Cats,428,231442,1,None
https://ru.pinterest.com/hopihapi/cats/,cats,1533,49235,1,None
https://ru.pinterest.com/sirenasnails/cats/,Cats,471,67870,1,None
https://ru.pinterest.com/morejoea/cats/,CATS,1062,88324,1,Gatos
https://ru.pinterest.com/cdardek/cats/,Cats,875,184922,1,None
https://ru.pinterest.com/soniamelo1967/cat/,Cat,514,220296,1,None
https://ru.pinterest.com/ortizpinazo/cats/,CATS ♥,1201,58803,1,Mi pasión por los animales!
https://ru.pinterest.com/wendi_gratz/cats/,Cats,427,6462,1,"Art, illustration and craft featuring cats. Big cats and itty bitty kitty cats."
https://ru.pinterest.com/blancmarion/cat/,CAT,258,688,1,None
https://ru.pinterest.com/WrappedinRust/cats-cats-cats/,"Cats, Cats, Cats",179338,50828,1303,"ღ ""Cats are connoisseurs of comfort."" ღ READ BEFORE PINNING! 1. Do not pin more than five pins at a time. 2. Pins MUST link to their original websites or recipes (check to make sure it's a legitimate site before you pin and DO NOT pin just a google or yahoo image) 3. Pins may not be ""uploaded by user"" unless they are your original content. 4. No advertisements, please. Please follow these rules so we can make this a truly wonderful community board."
https://ru.pinterest.com/monie/cats/,Cats,1850,3819,1,None
https://ru.pinterest.com/kenderfrau/cats/,Cats,1099,1276,1,None
https://ru.pinterest.com/deboernicole/cats/,Cats,2197,4756,1,None
https://ru.pinterest.com/bluepaintblue/cats/,CATS...,433,5894,1,None
https://ru.pinterest.com/iraco/cats/,cats,3095,35742,1,None
https://ru.pinterest.com/melsiemr/cats/,|**CATS**|,326,19236,5,Love me some kitties!
https://ru.pinterest.com/torynado/cat/,cat,996,1365,1,None
https://ru.pinterest.com/queenmanu/cats/,Cats,1893,64671,1,"These people feed me, shelter me and love me… I must be God"
https://ru.pinterest.com/penelopedaniels/cats/,cats,907,271,1,None
https://ru.pinterest.com/napaneedlepoint/cats/,Cats,587,3238,1,"Cat art, illustration, crafts and pictures of all kinds."
https://ru.pinterest.com/enifur/cats/,cats,1460,3582,1,for the love of our furry friends
https://ru.pinterest.com/my3lilkittens/cats/,Cats,2163,9206,1,None
https://ru.pinterest.com/perpetualkid/cats/,#CATS!,137,8514,1,A collection of fun and unique cat related items and kitty cuteness found across the interwebs. https://www.perpetualkid.com/gifts-for-cat-people/
